model,accuracy,f1_score
SRC,0.6247619047619047,0.6013961038961039
